Username,Password
Garcia,1111
Lim,2222
Aquino,3333
Reyes,4444
Hernandez,5555
Villanueva,6666
San Jose,7777
Romualdez,8888
Atienza,9999
Alvaro,1010
Salcedo,1111
Lopez,1212
Farala,1313
Martinez,1414
Romualdez,1515
Mata,1616
De Leon,1717
San Jose,1818
Rosario,1919
Bautista,2020
Lazaro,2121
Delos Santos,2222
Santos,2323
Del Rosario,2424
Tolentino,2525
Gutierrez,2626
Manalaysay,2727
Villegas,2828
Ramos,2929
Maceda,3030
Aguilar,3131
Castro,3232
Martinez,3333
Santos,3434
